<Experiment><info><date>2014.June.02 16.35.28</date><name>afterrinsechange</name></info><trialDuration>17.0</trialDuration><autoRinse do="False" for="0.22" wait="0.5" /><terminator /><intervals><Interval id="0" name="preCue" type="Wait"><startTime>0.0</startTime><duration changable="True" max="12.0" vary="True" varyBy="1.0">5.0</duration><action><Lever id="0" /><Begin id="-1" /><End id="-1" /></action></Interval><Interval id="1" name="tone" type="Tone"><startTime>5.0</startTime><duration changable="False" vary="False" varyBy="0.0">5.0</duration><opt freq="8000" /><action><Lever id="2" /><Begin id="-1" /><End id="-1" /></action></Interval></intervals><actions><Action id="0" name="punish" type="ChangeIntDur"><manual>False</manual><timeConstraints maxTime="0.0" minTime="0.0" /><triggers /><opt incre="2.0" int="0" mode="0" /></Action><Action id="1" name="newTrial" type="Jump"><manual>False</manual><timeConstraints maxTime="0.0" minTime="0.0" /><triggers /><jumper><jump prob="1.0" to="0" /></jumper><opt newTrial="True" /><condition><null /></condition></Action><Action id="2" name="reward" type="Taste"><manual>False</manual><timeConstraints maxTime="0.0" minTime="0.0" /><triggers><Act>1</Act></triggers><opt runTime="0.22" /><valves><v>2</v></valves></Action></actions></Experiment>