<Experiment><info><date>2014.March.14 10.25.20</date><name>discriminative stimulus task Mar14</name></info><trialDuration>15.0</trialDuration><autoRinse do="False" for="0.043" wait="0.5" /><terminator /><intervals><Interval id="0" name="preCue" type="Wait"><startTime>0.0</startTime><duration changable="False" vary="True" varyBy="2.0">10.0</duration><action><Lever id="-1" /><Begin id="-1" /><End id="3" /></action></Interval><Interval id="1" name="tone1" type="Tone"><startTime>10.0</startTime><duration changable="False" vary="False" varyBy="0.0">2.0</duration><opt freq="2000" /><action><Lever id="1" /><Begin id="-1" /><End id="2" /></action></Interval><Interval id="2" name="ISI" type="Wait"><startTime>12.0</startTime><duration changable="False" vary="False" varyBy="0.0">1.0</duration><action><Lever id="-1" /><Begin id="-1" /><End id="-1" /></action></Interval><Interval id="3" name="tone2" type="Tone"><startTime>13.0</startTime><duration changable="False" vary="False" varyBy="0.0">2.0</duration><opt freq="4000" /><action><Lever id="-1" /><Begin id="-1" /><End id="2" /></action></Interval></intervals><actions><Action id="0" name="manual reward" type="Taste"><manual>True</manual><timeConstraints maxTime="0.0" minTime="0.0" /><triggers /><opt runTime="0.043" /><valves><v>0</v></valves></Action><Action id="1" name="reward" type="Taste"><manual>False</manual><timeConstraints maxTime="0.0" minTime="0.0" /><triggers><Act>2</Act></triggers><opt runTime="0.043" /><valves><v>1</v></valves></Action><Action id="2" name="startNewTrial" type="Jump"><manual>False</manual><timeConstraints maxTime="0.0" minTime="0.0" /><triggers /><jumper><jump prob="1.0" to="0" /></jumper><opt newTrial="True" /><condition><null /></condition></Action><Action id="3" name="selectTrial" type="Jump"><manual>False</manual><timeConstraints maxTime="0.0" minTime="0.0" /><triggers /><jumper><jump prob="0.5" to="1" /><jump prob="0.5" to="3" /></jumper><opt newTrial="False" /><condition><null /></condition></Action></actions></Experiment>