<Experiment><info><date>2014.June.03 16.22.09</date><name>TestExp</name></info><trialDuration>3.5</trialDuration><autoRinse do="False" for="0.22" wait="1.0" /><terminator /><intervals><Interval id="0" name="preSuc" type="Wait"><startTime>0</startTime><duration changable="False" vary="False" varyBy="0.0">2.0</duration><action><Lever id="-1" /><Begin id="-1" /><End id="0" /></action></Interval><Interval id="1" name="rinse int." type="Wait"><startTime>2.0</startTime><duration changable="False" vary="False" varyBy="0.0">1.0</duration><action><Lever id="-1" /><Begin id="-1" /><End id="2" /></action></Interval><Interval id="2" name="end interval" type="Wait"><startTime>3.0</startTime><duration changable="False" vary="False" varyBy="0.0">0.5</duration><action><Lever id="-1" /><Begin id="-1" /><End id="4" /></action></Interval></intervals><actions><Action id="0" name="sucrose" type="Taste"><manual>False</manual><timeConstraints maxTime="0.0" minTime="0.0" /><triggers /><opt runTime="0.22" /><valves><v>3</v></valves></Action><Action id="1" name="manual sucrose" type="Taste"><manual>True</manual><timeConstraints maxTime="0.0" minTime="0.0" /><triggers /><opt runTime="0.22" /><valves><v>2</v></valves></Action><Action id="2" name="rinse" type="Taste"><manual>False</manual><timeConstraints maxTime="0.0" minTime="0.0" /><triggers /><opt runTime="0.22" /><valves><v>0</v></valves></Action><Action id="3" name="manual rinse" type="Taste"><manual>False</manual><timeConstraints maxTime="0.0" minTime="0.0" /><triggers /><opt runTime="0.22" /><valves><v>0</v></valves></Action><Action id="4" name="new trial" type="Jump"><manual>False</manual><timeConstraints maxTime="0.0" minTime="0.0" /><triggers /><jumper><jump prob="1.0" to="0" /></jumper><opt newTrial="True" /><condition><null /></condition></Action></actions></Experiment>