<Experiment><info><date>2014.March.14 11.05.59</date><name>TrainingLeverPress1</name></info><trialDuration>11.5</trialDuration><autoRinse do="False" for="0.043" wait="0.5" /><terminator /><intervals><Interval id="0" name="preCue" type="Wait"><startTime>0.0</startTime><duration changable="False" vary="False" varyBy="0.0">0.5</duration><action><Lever id="-1" /><Begin id="-1" /><End id="-1" /></action></Interval><Interval id="1" name="Tone1" type="Tone"><startTime>0.5</startTime><duration changable="False" vary="False" varyBy="0.0">1.0</duration><opt freq="8000" /><action><Lever id="-1" /><Begin id="-1" /><End id="-1" /></action></Interval><Interval id="2" name="Press Lever" type="Reward"><startTime>1.5</startTime><duration changable="False" vary="False" varyBy="0.0">10.0</duration><action><Lever id="0" /><Begin id="-1" /><End id="2" /></action></Interval></intervals><actions><Action id="0" name="Press Lever action" type="Taste"><manual>False</manual><timeConstraints maxTime="0.0" minTime="0.0" /><triggers><Act>3</Act></triggers><opt runTime="0.043" /><valves><v>1</v></valves></Action><Action id="1" name="Manual Rinse" type="Taste"><manual>True</manual><timeConstraints maxTime="0.0" minTime="0.0" /><triggers /><opt runTime="0.043" /><valves><v>0</v></valves></Action><Action id="2" name="Go To New Trial" type="Jump"><manual>False</manual><timeConstraints maxTime="0.0" minTime="0.0" /><triggers /><jumper><jump prob="1.0" to="0" /></jumper><opt newTrial="True" /><condition><null /></condition></Action><Action id="3" name="Start New Trial" type="Jump"><manual>False</manual><timeConstraints maxTime="0.0" minTime="0.0" /><triggers /><jumper><jump prob="1.0" to="0" /></jumper><opt newTrial="True" /><condition><null /></condition></Action></actions></Experiment>