<Experiment><info><date>2013.August.25 12.56.59</date><name>TestExpSucroseAutorinse</name></info><trialDuration>7.0</trialDuration><autoRinse do="False" for="0.043" wait="5.0" /><terminator /><intervals><Interval id="0" name="preSuc" type="Wait"><startTime>0.0</startTime><duration changable="False" vary="False" varyBy="0.0">0.5</duration><action><Lever id="-1" /><Begin id="-1" /><End id="0" /></action></Interval><Interval id="1" name="rinse int" type="Wait"><startTime>0.5</startTime><duration changable="False" vary="False" varyBy="0.0">2.0</duration><action><Lever id="-1" /><Begin id="-1" /><End id="-1" /></action></Interval><Interval id="2" name="tone" type="Tone"><startTime>2.5</startTime><duration changable="False" vary="False" varyBy="0.0">1.0</duration><opt freq="2000" /><action><Lever id="-1" /><Begin id="-1" /><End id="-1" /></action></Interval><Interval id="3" name="aftertone" type="Wait"><startTime>3.5</startTime><duration changable="False" vary="False" varyBy="0.0">2.0</duration><action><Lever id="-1" /><Begin id="-1" /><End id="-1" /></action></Interval></intervals><actions><Action id="0" name="Sucrose" type="Taste"><manual>False</manual><timeConstraints maxTime="0.0" minTime="0.0" /><triggers /><opt runTime="0.043" /><valves><v>3</v></valves></Action><Action id="1" name="manual rinse" type="Taste"><manual>True</manual><timeConstraints maxTime="0.0" minTime="0.0" /><triggers /><opt runTime="0.043" /><valves><v>1</v></valves></Action><Action id="2" name="manual sucrose" type="Taste"><manual>True</manual><timeConstraints maxTime="0.0" minTime="0.0" /><triggers /><opt runTime="0.043" /><valves><v>3</v></valves></Action><Action id="3" name="Restart" type="Jump"><manual>False</manual><timeConstraints maxTime="0.0" minTime="0.0" /><triggers /><jumper><jump prob="1.0" to="0" /></jumper><opt newTrial="True" /><condition><null /></condition></Action></actions></Experiment>