<Experiment><info><date>2014.May.20 13.11.08</date><name>LeverPressTrain5</name></info><trialDuration>12.0</trialDuration><autoRinse do="False" for="0.2" wait="0.5" /><terminator /><intervals><Interval id="0" name="preCue" type="Wait"><startTime>0.0</startTime><duration changable="False" vary="True" varyBy="1.0">5.0</duration><action><Lever id="-1" /><Begin id="-1" /><End id="-1" /></action></Interval><Interval id="1" name="tone1" type="Tone"><startTime>5.0</startTime><duration changable="False" vary="False" varyBy="0.0">5.0</duration><opt freq="8000" /><action><Lever id="1" /><Begin id="-1" /><End id="-1" /></action></Interval></intervals><actions><Action id="0" name="manual reward" type="Taste"><manual>True</manual><timeConstraints maxTime="0.0" minTime="0.0" /><triggers /><opt runTime="0.2" /><valves><v>0</v></valves></Action><Action id="1" name="reward" type="Taste"><manual>False</manual><timeConstraints maxTime="0.0" minTime="0.0" /><triggers><Act>2</Act></triggers><opt runTime="0.2" /><valves><v>1</v></valves></Action><Action id="2" name="newTrial" type="Jump"><manual>False</manual><timeConstraints maxTime="0.0" minTime="0.0" /><triggers /><jumper><jump prob="1.0" to="0" /></jumper><opt newTrial="True" /><condition><null /></condition></Action></actions></Experiment>